<?xml version="1.0" encoding="UTF-8"?>
<project-private xmlns="http://www.netbeans.org/ns/project-private/1">
    <editor-bookmarks xmlns="http://www.netbeans.org/ns/editor-bookmarks/2" lastBookmarkId="0"/>
    <open-files xmlns="http://www.netbeans.org/ns/projectui-open-files/2">
        <group>
            <file>file:/home/al93/CIS3344/Andrew_Larkins_web/web/tutorial/demo.html</file>
            <file>file:/home/al93/CIS3344/Andrew_Larkins_web/web/tutorial/js/MakeLengthConversion.js</file>
        </group>
    </open-files>
</project-private>
